Extrinsic ID,Date,Block,Hash,Symbol,From,To,Value,Result,year-month,quarter
6721600-2,2024-07-19 17:29:24,6721600,0x36b0567dab6ca0b05a2672c3708172fdc0506586365c3974b095819de7a7b94f,30,136FwWWfX7jf9pKxE66UXzQ25QJrcP77q5jPfwxC9M2xdsHn,14xmwinmCEz6oRrFdczHKqHgWNMiCysE2KrA4jXXAAM1Eogk,50000000000,TRUE,2024-07,2024-Q3
7172238-0,2024-09-21 12:13:24,7172238,0xebde672f620d5ab73641b14ff624e7f9ca91b5c1fd59c5325589dd3f7f92f78a,30,14xmwinmCEz6oRrFdczHKqHgWNMiCysE2KrA4jXXAAM1Eogk,153HL95Sjq1g3vs2pNw4zLr39ZRPRrxvgsRhKC5e4dtDwKYU,59000000,TRUE,2024-09,2024-Q3
6802481-0,2024-07-31 03:46:30,6802481,0x877a1f355dc6a669253fca78b72999e000a0ce421577fa65ff0af6d578a00843,USDC,14xmwinmCEz6oRrFdczHKqHgWNMiCysE2KrA4jXXAAM1Eogk,12hAtDZJGt4of3m2GqZcUCVAjZPALfvPwvtUTFZPQUbdX1Ud,200,TRUE,2024-07,2024-Q3
6889093-0,2024-08-12 08:48:36,6889093,0x5d1ab10056926134127cd3ecaa7934edfc16bb3917567551fa2029ac8acba9cd,USDC,14xmwinmCEz6oRrFdczHKqHgWNMiCysE2KrA4jXXAAM1Eogk,15UQ1nhCRRJoWf1C4LBraqCVXS91qPiWLiWQfnS3k8Dk4R79,478202.14,TRUE,2024-08,2024-Q3
7073366-0,2024-09-07 09:10:30,7073366,0xfa06bdd7cfd1baceaa5c86c0cc69aa964544753ad9555c3a1755b982dd949a2d,USDC,14xmwinmCEz6oRrFdczHKqHgWNMiCysE2KrA4jXXAAM1Eogk,16ZwocRmk9McUZuyivwovuhHsCWbhSeDS28JwFUsD4AbmXja,183326,TRUE,2024-09,2024-Q3
7102040-0,2024-09-11 11:24:48,7102040,0x2cfd2d8bdda8e07daaf032af4cfbae7cb61b5361ccccb11356485160ec659fa4,USDC,14xmwinmCEz6oRrFdczHKqHgWNMiCysE2KrA4jXXAAM1Eogk,1ntrYvz7gmd59Qv1ngdcwAupV4cY8DPMkMJBiPA2YUiVXvE,437560,TRUE,2024-09,2024-Q3
7116257-0,2024-09-13 11:18:48,7116257,0x88ef2f4b828f898e4ee74b32e81835a1d7214d98c0360cbd143f18d3d63a0001,USDC,14xmwinmCEz6oRrFdczHKqHgWNMiCysE2KrA4jXXAAM1Eogk,12h4KyK9qts4zMrgZgWPswnpVyhXU7XoZA5xDqoFAQ6JzkD4,181000,TRUE,2024-09,2024-Q3
7151429-0,2024-09-18 13:50:24,7151429,0x7e710fdcd272a82934e8d9d568d13fb7296ccb8a5f408d407c18963cc2aba1e5,USDC,14xmwinmCEz6oRrFdczHKqHgWNMiCysE2KrA4jXXAAM1Eogk,129Uxho5oKBz6js8dwjoQLzLjYsEs4ZLBtS7KRotQbunVNfP,312500,TRUE,2024-09,2024-Q3
7222959-0,2024-09-28 15:26:24,7222959,0x3648899cbba3bc9be01337b3f730cb22f17f71e54260b42f563717a760324c26,USDC,14xmwinmCEz6oRrFdczHKqHgWNMiCysE2KrA4jXXAAM1Eogk,16hdUXXYjoBQBpdQ14z7qk372rwNHkdQJ9YyBuPaXiZcqnru,3000000,TRUE,2024-09,2024-Q3
7228202-0,2024-09-29 09:04:00,7228202,0xd01bbbb1d6bbd33228f663c05b9009de85c6c5dd1e61e8f09e921e67087c3b49,USDC,14xmwinmCEz6oRrFdczHKqHgWNMiCysE2KrA4jXXAAM1Eogk,16W7xmgxqZr7n1eqt6acZ8TtAbXybJZi3k51y4qDCjzgVY4j,1961043.83,TRUE,2024-09,2024-Q3
7250805-2,2024-10-02 13:41:00,7250805,0xa9045c93165b4cfb113d9170a2645af4b7e4ae9a80812a927e7076f2ad14d5df,USDC,16hdUXXYjoBQBpdQ14z7qk372rwNHkdQJ9YyBuPaXiZcqnru,14xmwinmCEz6oRrFdczHKqHgWNMiCysE2KrA4jXXAAM1Eogk,10,TRUE,2024-10,2024-Q4
7251703-2,2024-10-02 16:42:54,7251703,0x10984472455aae1759459f4e874842751dcd6367cbc98833b768ca1c95c5199d,USDC,16hdUXXYjoBQBpdQ14z7qk372rwNHkdQJ9YyBuPaXiZcqnru,14xmwinmCEz6oRrFdczHKqHgWNMiCysE2KrA4jXXAAM1Eogk,1499990,TRUE,2024-10,2024-Q4
7252819-0,2024-10-02 20:29:00,7252819,0x1dbf689c83cc889b2c9d90cec5ed88eac6b52bb78732fe098db219748ccb995a,USDC,14xmwinmCEz6oRrFdczHKqHgWNMiCysE2KrA4jXXAAM1Eogk,122izuBjb4jxdQcwbQZLCHSMDLZLzWZS2grTME5ihpDm7Shm,520000,TRUE,2024-10,2024-Q4
7273300-0,2024-10-05 17:42:42,7273300,0xb9a6055a2ceda0a4741c2eb5926553e2f92fe8e0225126e214a56fb3383aeaf8,USDC,14xmwinmCEz6oRrFdczHKqHgWNMiCysE2KrA4jXXAAM1Eogk,14th8Bu7QNZXgQNTjrBvYodrL2Y3nTuxccmmNJNGn1zpHr8S,451400,TRUE,2024-10,2024-Q4
7273803-0,2024-10-05 19:24:24,7273803,0x833af215d90d742a636577dd89c33c62b57b95e9b8a1d543e78fda5de7fb1f80,USDC,14xmwinmCEz6oRrFdczHKqHgWNMiCysE2KrA4jXXAAM1Eogk,15nKYvAm8Yu9QVK65JWrhfyabhHkWywg21X9gX4GFJo3v4cT,1133000,TRUE,2024-10,2024-Q4
7383156-0,2024-10-21 05:28:42,7383156,0xeee057e4a84b8af546bc190342edc6809d66bc1a2001da39776879b5055a3aff,USDC,14xmwinmCEz6oRrFdczHKqHgWNMiCysE2KrA4jXXAAM1Eogk,129Uxho5oKBz6js8dwjoQLzLjYsEs4ZLBtS7KRotQbunVNfP,312500,TRUE,2024-10,2024-Q4
7389224-0,2024-10-22 02:02:24,7389224,0x974b085787c94e2d5c038bf2b9ba9dc97263cef28f74eefde5f4b587ffac2484,USDC,14xmwinmCEz6oRrFdczHKqHgWNMiCysE2KrA4jXXAAM1Eogk,15akZwzufEzFzfh18y4Q81Ci8TXyvH6hyUkRrxJED2MjEYhe,8400,TRUE,2024-10,2024-Q4
7592413-0,2024-11-19 14:15:18,7592413,0x94c64722b1348f5d6356245bd89c6800260dcafa41f31fda84edd430e00fadf2,USDC,14xmwinmCEz6oRrFdczHKqHgWNMiCysE2KrA4jXXAAM1Eogk,129Uxho5oKBz6js8dwjoQLzLjYsEs4ZLBtS7KRotQbunVNfP,312500,TRUE,2024-11,2024-Q4
7605973-2,2024-11-21 11:52:12,7605973,0xe58511eb201a67590e985abe0e8315d82c5e4c0ac0ae1eaec0864d527eb828b2,USDC,14XNJmoUzkvmh9cYoqG4axBRR4BWzWRbnFP79oiZgKu7V9bz,14xmwinmCEz6oRrFdczHKqHgWNMiCysE2KrA4jXXAAM1Eogk,448.9144,TRUE,2024-11,2024-Q4
7814278-0,2024-12-20 19:00:30,7814278,0x5547b612ad113297a558218ddb465664eea59ab987ca362a0b2245dd534c4b7a,USDC,14xmwinmCEz6oRrFdczHKqHgWNMiCysE2KrA4jXXAAM1Eogk,12VzpjtNucJrxWBm3q92qgQVcfoWjhyzX39GrNNhczsBhnnU,200000,TRUE,2024-12,2024-Q4
7820363-0,2024-12-21 15:27:00,7820363,0x31efe7dae9ff65f0ad92224baacbfc3cae626014ff362b0730e2a9dadd4aa21f,USDC,14xmwinmCEz6oRrFdczHKqHgWNMiCysE2KrA4jXXAAM1Eogk,13ns3Esc7LAMEDkioayiHLXQWDJ6GuWRRTkDA7pj1DGySLVv,392500,TRUE,2024-12,2024-Q4
7831874-0,2024-12-23 06:07:12,7831874,0x76e99dd9499a5c20be8261ce1751db62f03b9ef974d88c3673b7eb09b678a0aa,USDC,14xmwinmCEz6oRrFdczHKqHgWNMiCysE2KrA4jXXAAM1Eogk,16WCLocYQqR1n59skAM1ZkcsR8mWEt7muGXS86yak6hPGNuR,67600,TRUE,2024-12,2024-Q4
7834727-0,2024-12-23 15:44:54,7834727,0xf595f979e810279384ab5dd22666ed4d9875696f952097e8ba56e683dfb7c4ca,USDC,14xmwinmCEz6oRrFdczHKqHgWNMiCysE2KrA4jXXAAM1Eogk,129Uxho5oKBz6js8dwjoQLzLjYsEs4ZLBtS7KRotQbunVNfP,312500,TRUE,2024-12,2024-Q4
7943045-2,2025-01-07 19:20:00,7943045,0x576d7db59764ecb24291ea5ebe3c4cffb885e081c4ea956d9914a83fd51ded58,USDC,1ntrYvz7gmd59Qv1ngdcwAupV4cY8DPMkMJBiPA2YUiVXvE,14xmwinmCEz6oRrFdczHKqHgWNMiCysE2KrA4jXXAAM1Eogk,11000,TRUE,2025-01,2025-Q1
8011392-0,2025-01-17 09:00:36,8011392,0x09dccca48e0852d7193ef2924553bb8c2c4ed856db043a6fab09393d621fef01,USDC,14xmwinmCEz6oRrFdczHKqHgWNMiCysE2KrA4jXXAAM1Eogk,129Uxho5oKBz6js8dwjoQLzLjYsEs4ZLBtS7KRotQbunVNfP,312500,TRUE,2025-01,2025-Q1
8028431-0,2025-01-19 18:16:12,8028431,0x732abdd66c91b93cd11fecbcfa0e279fc5e873d5c5c4ea4c0639eb10e8c3f7ec,USDC,14xmwinmCEz6oRrFdczHKqHgWNMiCysE2KrA4jXXAAM1Eogk,14PikhqPmGomc7zbCSWVyjGypbRTKvRK9y4fp2uGAZ3DVXZa,604400,TRUE,2025-01,2025-Q1
8141375-0,2025-02-04 14:22:12,8141375,0x5b7b7de790ebe66cc5230d5c4120d452d31b3bc67ba26549336cf41613f04269,USDC,14xmwinmCEz6oRrFdczHKqHgWNMiCysE2KrA4jXXAAM1Eogk,15NTkxu2WN5ZhdukxRTttcvSKCXgCuPBWywCd3zfjj2aQkaK,606380,TRUE,2025-02,2025-Q1
8184595-0,2025-02-10 15:16:36,8184595,0xc0ea3798a9486112e10e9a6ac5cbcab05bcd2a0aad0b34fa0e92915690156636,USDC,14xmwinmCEz6oRrFdczHKqHgWNMiCysE2KrA4jXXAAM1Eogk,1LX9m9Ee8u653hU1sxvvRNpV1ZjYExa7K8r9zjDws9GDLvp,300250,TRUE,2025-02,2025-Q1
8240990-0,2025-02-18 13:19:54,8240990,0xc6d50918ce721ff10b6a0d0574647e1a74e96230cf05efd32d9c5ca16df4abc6,USDC,14xmwinmCEz6oRrFdczHKqHgWNMiCysE2KrA4jXXAAM1Eogk,1ntrYvz7gmd59Qv1ngdcwAupV4cY8DPMkMJBiPA2YUiVXvE,100525,TRUE,2025-02,2025-Q1
8242651-0,2025-02-18 18:54:30,8242651,0x0160318f4eaa166a4f1cfe09f3a7b5494eeed6aa787043c6aa5087a4f413eed2,USDC,14xmwinmCEz6oRrFdczHKqHgWNMiCysE2KrA4jXXAAM1Eogk,13EDmaUe89xXocPppFmuoAZaCsckaJy3deAyVyiykk1zKQbF,452000,TRUE,2025-02,2025-Q1
8255466-0,2025-02-20 13:55:54,8255466,0x7b68272f67e80895ead6bcb70665e01af68b8cc84f7472c38bd7aa82ddf477f6,USDC,14xmwinmCEz6oRrFdczHKqHgWNMiCysE2KrA4jXXAAM1Eogk,129Uxho5oKBz6js8dwjoQLzLjYsEs4ZLBtS7KRotQbunVNfP,312500,TRUE,2025-02,2025-Q1
8304998-0,2025-02-27 12:25:36,8304998,0x55ab5367f8412aba6d30aa41bf626a34c33355487e76bb68e60bc0050cce2949,USDC,14xmwinmCEz6oRrFdczHKqHgWNMiCysE2KrA4jXXAAM1Eogk,15fGrDWmFoaApnZXEw1Zg45zuCqpkbMS9YPzczeU9dHseUUu,21000,TRUE,2025-02,2025-Q1
8413054-0,2025-03-14 15:25:48,8413054,0x62a4d37c34c48cdc68363d4696bc5bae2e631cf2a76cf800320b78e77bbadc67,USDC,14xmwinmCEz6oRrFdczHKqHgWNMiCysE2KrA4jXXAAM1Eogk,15iSYzkbJVKoVQuF39F8NrRbCnZfU7xRFXoCKB5r4BKPrxYL,3000000,TRUE,2025-03,2025-Q1
8425431-0,2025-03-16 09:02:42,8425431,0x0215b5e6b0dbb45449cf646a7d6af1fc5404874006b42c473347e24fd4e2cf10,USDC,14xmwinmCEz6oRrFdczHKqHgWNMiCysE2KrA4jXXAAM1Eogk,13bfKSQXoBn3AMLtZaW6BKv797fqZzsD3PYF6xpJDir3tdoE,264838.09,TRUE,2025-03,2025-Q1
8432198-0,2025-03-17 07:53:48,8432198,0x4afef245d311407365bb49b29b348f34797689666bb8cea14afe6f36a7b6c8eb,USDC,14xmwinmCEz6oRrFdczHKqHgWNMiCysE2KrA4jXXAAM1Eogk,14dut6zGgdVmKijePZzrQAy2gZ6FmMDmzzp7VqjzPV9E4ujR,169520,TRUE,2025-03,2025-Q1
8433071-0,2025-03-17 10:50:48,8433071,0x2f555bd965892443d681e5da81e60d1d3b1d6142e6a1a9f5fed5fa15a033cda7,USDC,14xmwinmCEz6oRrFdczHKqHgWNMiCysE2KrA4jXXAAM1Eogk,1ioDyqyquk949WZLePvHF3NndBqCmFW7jAigpzybifJ4YZ9,1000,TRUE,2025-03,2025-Q1
8439704-0,2025-03-18 09:13:12,8439704,0x7475df59284722c5878f278326decd076b08d3a33ae613a54f5412d7b676be56,USDC,14xmwinmCEz6oRrFdczHKqHgWNMiCysE2KrA4jXXAAM1Eogk,129Uxho5oKBz6js8dwjoQLzLjYsEs4ZLBtS7KRotQbunVNfP,312500,TRUE,2025-03,2025-Q1
8514211-0,2025-03-28 19:57:18,8514211,0x4cf2ac558008bbf63faa022187c77d1fcb86b8a4fb9859607d6ddee3b842b79d,USDC,14xmwinmCEz6oRrFdczHKqHgWNMiCysE2KrA4jXXAAM1Eogk,167tDhLwaQ6kmqau1zwWx48Ux7CS1rxC9jW5kn8PeRZWAVUy,656660.31,TRUE,2025-03,2025-Q1
8528640-0,2025-03-30 20:34:18,8528640,0xbeeb035be3864b553daab58e71f8ae3f044edb6bb4a19c7ea2e77098a8bf3191,USDC,14xmwinmCEz6oRrFdczHKqHgWNMiCysE2KrA4jXXAAM1Eogk,1soESeTVLfse9e2G8dRSMUyJ2SWad33qhtkjQTv9GMToRvP,2400,TRUE,2025-03,2025-Q1
8535468-0,2025-03-31 19:36:54,8535468,0x04ecbe877bed5eed5c06ff7ba7bd3846e2ca7161e1fe2bceb7e23f9846f0e46e,USDC,14xmwinmCEz6oRrFdczHKqHgWNMiCysE2KrA4jXXAAM1Eogk,16WCLocYQqR1n59skAM1ZkcsR8mWEt7muGXS86yak6hPGNuR,89440,TRUE,2025-03,2025-Q1
8588830-0,2025-04-08 08:02:24,8588830,0xe34754153ca6d90e6f57013cd036b27168a9925a2f342512e4b5fc965f87fa9e,USDC,14xmwinmCEz6oRrFdczHKqHgWNMiCysE2KrA4jXXAAM1Eogk,15KwuFdsnXCU9RFutSxgVDqmC9uf6Wdivv9xjNioWJS4t5C6,234915.83,TRUE,2025-04,2025-Q2
8632170-0,2025-04-14 10:38:00,8632170,0xac499a1b31b56d0414cd4f4f39a90443da3360922dbf517d2f70c7cb8da2e26b,USDC,14xmwinmCEz6oRrFdczHKqHgWNMiCysE2KrA4jXXAAM1Eogk,1ZUG7957Gfidjgm6sg4EZfFtKpJLXSWDRY7o5d1JGKJLoMM,2125,TRUE,2025-04,2025-Q2
8638769-0,2025-04-15 08:52:12,8638769,0x0362209680920e2fdcb9a1ed5110c5c41cb17f4df43acc4e8274669f6a6c5c5f,USDC,14xmwinmCEz6oRrFdczHKqHgWNMiCysE2KrA4jXXAAM1Eogk,15YVShWH1eZ5x4EEMcdUTKQ6qV3hzV1Y5N2F9V2nttmGNqaS,43761,TRUE,2025-04,2025-Q2
8654020-3,2025-04-17 13:03:24,8654020,0x8fe82e251944d7620529147c18aaabba4c8cfb9b94761b3860b6a892b5664645,USDC,167tDhLwaQ6kmqau1zwWx48Ux7CS1rxC9jW5kn8PeRZWAVUy,14xmwinmCEz6oRrFdczHKqHgWNMiCysE2KrA4jXXAAM1Eogk,1612.71,TRUE,2025-04,2025-Q2
8881893-0,2025-05-20 01:31:00,8881893,0xcfbdf57484c4fbf0381536e502d006661cdc100440443ac4a641bf45fea8b69a,USDC,14xmwinmCEz6oRrFdczHKqHgWNMiCysE2KrA4jXXAAM1Eogk,129Uxho5oKBz6js8dwjoQLzLjYsEs4ZLBtS7KRotQbunVNfP,312500,TRUE,2025-05,2025-Q2
8892465-0,2025-05-21 13:21:54,8892465,0x2fb16e91dda2b7d9719f85197cabf42b3d5966ff2b27a3c2e22beb6d719434e0,USDC,14xmwinmCEz6oRrFdczHKqHgWNMiCysE2KrA4jXXAAM1Eogk,15FvxWCgCfZVvXzL6WbkfntzNVftTkF1BbZCUS1sf7u4hG2B,290899,TRUE,2025-05,2025-Q2
8923082-0,2025-05-25 21:05:24,8923082,0xb938e2a003783bbfb1e46b1d08ef3cbdc80bdc21d9d6abb7fa3ff65e0c4d1207,USDC,14xmwinmCEz6oRrFdczHKqHgWNMiCysE2KrA4jXXAAM1Eogk,13tsQdPC7Q5Sboxd9vcJbE72muR7bdqmzDLKjGW12cWbzNjr,144520,TRUE,2025-05,2025-Q2
8940984-0,2025-05-28 09:39:18,8940984,0x159bb7a51ddc2a90254592b357ac5a1aea6cab1127c8341c097fc5faad3bab33,USDC,14xmwinmCEz6oRrFdczHKqHgWNMiCysE2KrA4jXXAAM1Eogk,12v9fkNQWRW9268a1Z7wQi3bUScwK4iXGhwgHAoP5ahMvKwW,50000,TRUE,2025-05,2025-Q2
8941199-0,2025-05-28 10:23:42,8941199,0x1c2c1062054bad83a2208f417e324f965d43cc39510b05443ee7b53f69930d40,USDC,14xmwinmCEz6oRrFdczHKqHgWNMiCysE2KrA4jXXAAM1Eogk,12wnTQnY3qUTCofi792fTdf9HpQQ6jmyxrVdwyT6X2Jed4Yg,50000,TRUE,2025-05,2025-Q2
9039116-0,2025-06-11 07:16:18,9039116,0xcbd20c46f32a302ef7ded11e35b785f0d5f0945086582b4c677d92dc6ddb2ebe,USDC,14xmwinmCEz6oRrFdczHKqHgWNMiCysE2KrA4jXXAAM1Eogk,13ns3Esc7LAMEDkioayiHLXQWDJ6GuWRRTkDA7pj1DGySLVv,392500,TRUE,2025-06,2025-Q2
9046682-0,2025-06-12 08:51:06,9046682,0xf78870985f9c6f6f877ab3bc1d11be4e8be6314e0035e61bd493d3d6eecfcb91,USDC,14xmwinmCEz6oRrFdczHKqHgWNMiCysE2KrA4jXXAAM1Eogk,14cJkR7bWSaFFwVR5qpyMh3LYZhLvCNKTeMRhrXAxTe5RDqp,9500,TRUE,2025-06,2025-Q2
9070022-0,2025-06-15 15:33:36,9070022,0xcd5da89abef55c0b6d1c5a4303c49fa5efc542e467f4fa20bbecbdfa37aea956,USDC,14xmwinmCEz6oRrFdczHKqHgWNMiCysE2KrA4jXXAAM1Eogk,1t67YMM4myXZ745px9a8PNWhU8FMyYJf5uXGowuwSAnp4x8,1500,TRUE,2025-06,2025-Q2
9070689-0,2025-06-15 17:48:54,9070689,0xb0f0346bac740344129ab747c2c408465223f09e5130f26a05aa807cf02e6cbc,USDC,14xmwinmCEz6oRrFdczHKqHgWNMiCysE2KrA4jXXAAM1Eogk,147J99J3e1ghLxAuaYvyMfxVaU53DP73XGmbtUDtWBer7MP,7000,TRUE,2025-06,2025-Q2
9078566-0,2025-06-16 20:21:36,9078566,0xa49788d337d20188088149ea62499f231a968bd884461098f5a3f8dded2eabaa,USDC,14xmwinmCEz6oRrFdczHKqHgWNMiCysE2KrA4jXXAAM1Eogk,1wLHfDrpGNS29oHZuJn1ufKNwNDs6zi2XcZX9a9NjJVt6rm,2400,TRUE,2025-06,2025-Q2
9126428-0,2025-06-23 14:38:12,9126428,0x83f473e16bbfc5be045276e0a22f1ec9e7d476ac6a61f52bd3099140d20a3f7d,USDC,14xmwinmCEz6oRrFdczHKqHgWNMiCysE2KrA4jXXAAM1Eogk,16kkgkzjyJZL91WaL6GAUJnTZjiaowZcFyHAs5GWCNVqJimJ,128333.33,TRUE,2025-06,2025-Q2
9190306-0,2025-07-02 14:13:24,9190306,0x4d4d30704c15efc9cfe52122194d787aff15e37d5d5d452e9d4e143d593fe738,USDC,14xmwinmCEz6oRrFdczHKqHgWNMiCysE2KrA4jXXAAM1Eogk,14do91fmVwXh119DY2bwfSTchsyD3ePA3WkKGNzBwHXVd9zN,108000,TRUE,2025-07,2025-Q3
9198420-0,2025-07-03 17:40:24,9198420,0xed9042294216bc0ee3206aad8b8f4847348a25542eb5d0a75ecf29e36a503574,USDC,14xmwinmCEz6oRrFdczHKqHgWNMiCysE2KrA4jXXAAM1Eogk,137TRC1ELwnsoXatmHDpBTzkTQCwTrSkqCA4LXgNwQj8h27B,632000,TRUE,2025-07,2025-Q3
9221151-0,2025-07-06 22:30:24,9221151,0xa15b08150bbf20a148550d832b4b6d13d436c6bd821385b8d9495eea32dedd68,USDC,14xmwinmCEz6oRrFdczHKqHgWNMiCysE2KrA4jXXAAM1Eogk,12sNU8BXivMj1xQmcd4T39ugCyHjmhir8jkPqfAw5ZDESrx4,444124,TRUE,2025-07,2025-Q3
9230682-0,2025-07-08 06:39:54,9230682,0x5573e67ebea3fa942a2fd534c04b42024a32d1a38011b9704195e8606750070c,USDC,14xmwinmCEz6oRrFdczHKqHgWNMiCysE2KrA4jXXAAM1Eogk,1ZUG7957Gfidjgm6sg4EZfFtKpJLXSWDRY7o5d1JGKJLoMM,2380,TRUE,2025-07,2025-Q3
9232986-0,2025-07-08 14:30:42,9232986,0x8e343f39b904763c1102ee2583b541bd565874653420b920bcae0e10f3b6874b,USDC,14xmwinmCEz6oRrFdczHKqHgWNMiCysE2KrA4jXXAAM1Eogk,15EwM85HZWPyGyUZzNnb8j1fEwtx3dv4oKxnmmtyB7Boobyv,7750,TRUE,2025-07,2025-Q3
9299839-0,2025-07-18 02:27:12,9299839,0x8b007bd58fe7f246f2d8612794ec776ab64a356a626a7b44d40d7044d5646306,USDC,14xmwinmCEz6oRrFdczHKqHgWNMiCysE2KrA4jXXAAM1Eogk,14QhzKsxmrECK8EDpLzzep8tWcYMUPYfXGfmgqM8cVtYRJjJ,1500,TRUE,2025-07,2025-Q3
9299853-0,2025-07-18 02:30:00,9299853,0xa5f14910944e830ec3cf338221b4ed18e7910ff819ebc1cd10f0986eb428600a,USDC,14xmwinmCEz6oRrFdczHKqHgWNMiCysE2KrA4jXXAAM1Eogk,128sq7FMkiK1f2Z8pZDfkWsgtZFfiXwRpqKmo5MPoLip8fsf,1500,TRUE,2025-07,2025-Q3
9308281-0,2025-07-19 07:48:00,9308281,0xdf0194026e1e451ee05d60b97f979792fdf77b3352f1a45369f8a6d8df25ff41,USDC,14xmwinmCEz6oRrFdczHKqHgWNMiCysE2KrA4jXXAAM1Eogk,16WCLocYQqR1n59skAM1ZkcsR8mWEt7muGXS86yak6hPGNuR,89000,TRUE,2025-07,2025-Q3
9317831-0,2025-07-20 17:14:30,9317831,0x98239f7d25d1f89cda9c7c67825cf9c58f0ad152d53d955e4ae3eeb1968f9dbf,USDC,14xmwinmCEz6oRrFdczHKqHgWNMiCysE2KrA4jXXAAM1Eogk,15ETSrpHYC29m1p8AvKJh36FkoLu4PRGCpd3orY6B6ga415r,577500,TRUE,2025-07,2025-Q3
9337582-0,2025-07-23 15:11:30,9337582,0xaa9821147af776aedcca9efd1844eddcbd1c92a10fd5cdcd054621fecf1dd91d,USDC,14xmwinmCEz6oRrFdczHKqHgWNMiCysE2KrA4jXXAAM1Eogk,167tDhLwaQ6kmqau1zwWx48Ux7CS1rxC9jW5kn8PeRZWAVUy,38640,TRUE,2025-07,2025-Q3
9337582-0,2025-07-23 15:11:30,9337582,0xaa9821147af776aedcca9efd1844eddcbd1c92a10fd5cdcd054621fecf1dd91d,USDC,14xmwinmCEz6oRrFdczHKqHgWNMiCysE2KrA4jXXAAM1Eogk,13mXN7iHqN6JUuTAd2LecyT7D4NfdYn9xSiEvoJHnHJvpRXw,20600,TRUE,2025-07,2025-Q3
9351242-0,2025-07-25 15:43:54,9351242,0xbff87ba3a09e84b5d344b643128ac25fdcd97febd4436cc04849046dd2d3611b,USDC,14xmwinmCEz6oRrFdczHKqHgWNMiCysE2KrA4jXXAAM1Eogk,12WRGM4CTg5g7Wvvri6yUDf6ahDZ2aVd573M7ejg639oRbQk,10000,TRUE,2025-07,2025-Q3
9351244-0,2025-07-25 15:44:18,9351244,0xb687a9be912aba9371756312fd450f11d55a444aa4214e99305149d139c45fe7,USDC,14xmwinmCEz6oRrFdczHKqHgWNMiCysE2KrA4jXXAAM1Eogk,16MLAothZi5pE1ZcZZnBfAVer8h6CXTENnomThFuzi1pqPRa,137952,TRUE,2025-07,2025-Q3
9372204-2,2025-07-28 16:58:00,9372204,0x623265bf6a9d8ac145022d7cd2a828a04a02a13e224af3e6f0e918253dbd863f,USDC,14cJkR7bWSaFFwVR5qpyMh3LYZhLvCNKTeMRhrXAxTe5RDqp,14xmwinmCEz6oRrFdczHKqHgWNMiCysE2KrA4jXXAAM1Eogk,500,TRUE,2025-07,2025-Q3
9377345-0,2025-07-29 10:56:36,9377345,0x1e60f36cfe9acc268937b90e564e9ec362bfc580824680256360abd7014182c1,USDC,14xmwinmCEz6oRrFdczHKqHgWNMiCysE2KrA4jXXAAM1Eogk,13mrRC7BgZzK8yhr7e1XxDZc5PRTJxvVfVzz93TxugSC1yJr,136780,TRUE,2025-07,2025-Q3
9438149-2,2025-08-07 11:32:24,9438149,0x807fca85e2cd23664bc1e4f50d6a589fa7aeb27f0047976521261e253a7b1f33,USDC,167tDhLwaQ6kmqau1zwWx48Ux7CS1rxC9jW5kn8PeRZWAVUy,14xmwinmCEz6oRrFdczHKqHgWNMiCysE2KrA4jXXAAM1Eogk,10,TRUE,2025-08,2025-Q3
9439304-2,2025-08-07 15:37:54,9439304,0x9d5761a5b818f6807d2d76c9335a877cee82612f827c85473819851d82279c37,USDC,167tDhLwaQ6kmqau1zwWx48Ux7CS1rxC9jW5kn8PeRZWAVUy,14xmwinmCEz6oRrFdczHKqHgWNMiCysE2KrA4jXXAAM1Eogk,1517910.64,TRUE,2025-08,2025-Q3
9450178-0,2025-08-09 06:12:36,9450178,0x50bb238e0c0763712a7af4f63c679be464e564ded085b05ab44b96fd431363d4,USDC,14xmwinmCEz6oRrFdczHKqHgWNMiCysE2KrA4jXXAAM1Eogk,16ZwocRmk9McUZuyivwovuhHsCWbhSeDS28JwFUsD4AbmXja,225000,TRUE,2025-08,2025-Q3
9476544-0,2025-08-13 06:17:36,9476544,0xbaacbb89a9368467144ba8bec0449fbeeb76bccdbc5baea1b1651efa3e09a16a,USDC,14xmwinmCEz6oRrFdczHKqHgWNMiCysE2KrA4jXXAAM1Eogk,14asW6B3BC16PJ3FL7kLpTeEZuVnLbLWF8nTkeKmYwo5TuZR,50000,TRUE,2025-08,2025-Q3
9497245-0,2025-08-16 12:02:24,9497245,0xb31b6f6a8e35db3d3d99a99e1ca57905a7677fc3bea35dfa2ae2d4a0f59a2c3d,USDC,14xmwinmCEz6oRrFdczHKqHgWNMiCysE2KrA4jXXAAM1Eogk,1t67YMM4myXZ745px9a8PNWhU8FMyYJf5uXGowuwSAnp4x8,2000,TRUE,2025-08,2025-Q3
9517783-0,2025-08-19 14:57:36,9517783,0x20d58bac840e9a2b5060a510a5fa1824da784f0fe9eecaa41185735e3c3ffb52,USDC,14xmwinmCEz6oRrFdczHKqHgWNMiCysE2KrA4jXXAAM1Eogk,169Lg4Y4YpuW9SdZ9bZSgJZ7nNo9waQNjGraSnvkQFacRtHM,705169.5,TRUE,2025-08,2025-Q3
9563428-0,2025-08-26 12:33:18,9563428,0x8779d3490ffe52fa8bb2ef0ea2cc4a0552b114f7567cb9d3e1f7b15ba6018925,USDC,14xmwinmCEz6oRrFdczHKqHgWNMiCysE2KrA4jXXAAM1Eogk,1544YD9AzZNXq3Bickbk4rGRQ5piRP5AP9b38Nw6boCx58q3,288000,TRUE,2025-08,2025-Q3
9571458-0,2025-08-27 17:36:00,9571458,0x707c02228310fd8c7e34ee3ef5d45176da79ac2a6239f6efc36bfc17a65e9a83,USDC,14xmwinmCEz6oRrFdczHKqHgWNMiCysE2KrA4jXXAAM1Eogk,12zT4mjRRAc1vD8M3rhpQjmU6BABN4jvUUYqrvbUdd85nRTy,62000,TRUE,2025-08,2025-Q3
9610398-0,2025-09-02 15:33:06,9610398,0xe83965de54a26ed30b8c4dd8e366440ae2e01c5f50272bb0654a1da614e3785b,USDC,14xmwinmCEz6oRrFdczHKqHgWNMiCysE2KrA4jXXAAM1Eogk,129Uxho5oKBz6js8dwjoQLzLjYsEs4ZLBtS7KRotQbunVNfP,312500,TRUE,2025-09,2025-Q3
9615526-0,2025-09-03 10:25:54,9615526,0xfb694217b2ae4978599b024aa6c4fed9c1cc36e27b3ada9b9149c33fef723ed9,USDC,14xmwinmCEz6oRrFdczHKqHgWNMiCysE2KrA4jXXAAM1Eogk,129Uxho5oKBz6js8dwjoQLzLjYsEs4ZLBtS7KRotQbunVNfP,937500,TRUE,2025-09,2025-Q3
9615526-0,2025-09-03 10:25:54,9615526,0xfb694217b2ae4978599b024aa6c4fed9c1cc36e27b3ada9b9149c33fef723ed9,USDC,14xmwinmCEz6oRrFdczHKqHgWNMiCysE2KrA4jXXAAM1Eogk,129Uxho5oKBz6js8dwjoQLzLjYsEs4ZLBtS7KRotQbunVNfP,750000,TRUE,2025-09,2025-Q3
9647812-0,2025-09-08 10:08:18,9647812,0x40e509766090d25fc21dce6e13e0b0f4214f1d30b1218d8bdfaf933e2ff40d33,USDC,14xmwinmCEz6oRrFdczHKqHgWNMiCysE2KrA4jXXAAM1Eogk,14ndeTDDPtYRdpVdmERFscuWby9k1kE89Dtw23zrH38LCtY,980369.21,TRUE,2025-09,2025-Q3
9653462-0,2025-09-09 06:43:30,9653462,0x91c3ae92766fea096b5c190116de66356c96bae046f10a77800092d606a245be,USDC,14xmwinmCEz6oRrFdczHKqHgWNMiCysE2KrA4jXXAAM1Eogk,15KwuFdsnXCU9RFutSxgVDqmC9uf6Wdivv9xjNioWJS4t5C6,149908.38,TRUE,2025-09,2025-Q3
9661166-0,2025-09-10 12:36:48,9661166,0x089a9cbd82ccc77ed864c6ee2a7bcf62453b370ad3d8ec6d672031ee5f15ef55,USDC,14xmwinmCEz6oRrFdczHKqHgWNMiCysE2KrA4jXXAAM1Eogk,149mJjdQjEBMHHbWDjbLJ7X4e95ps6L35DZVaBzn1raR1EVQ,271786,TRUE,2025-09,2025-Q3
9710931-2,2025-09-18 12:10:12,9710931,0x3bf0575e00a97ea174cbf62f91bc0e141f9c54f1e6a3ff9caf284f9028922b42,USDC,15EwM85HZWPyGyUZzNnb8j1fEwtx3dv4oKxnmmtyB7Boobyv,14xmwinmCEz6oRrFdczHKqHgWNMiCysE2KrA4jXXAAM1Eogk,5175,TRUE,2025-09,2025-Q3
9711687-2,2025-09-18 15:08:18,9711687,0x96021a065e88a642e945e0c442a3fcf6677a2ad251da6db084a8fcc5c5556bd6,USDC,167tDhLwaQ6kmqau1zwWx48Ux7CS1rxC9jW5kn8PeRZWAVUy,14xmwinmCEz6oRrFdczHKqHgWNMiCysE2KrA4jXXAAM1Eogk,1,TRUE,2025-09,2025-Q3
9712542-2,2025-09-18 18:28:30,9712542,0xecda3fdc66b9d2be976e40ad77cbedc9fda42d22827ae4eaabd30fe65fd273cc,USDC,167tDhLwaQ6kmqau1zwWx48Ux7CS1rxC9jW5kn8PeRZWAVUy,14xmwinmCEz6oRrFdczHKqHgWNMiCysE2KrA4jXXAAM1Eogk,13351.56,TRUE,2025-09,2025-Q3
9829016-0,2025-10-04 03:04:24,9829016,0x527ed23df50980a97deb224c531ef98d046e54333d95b05b2a2b00c38f842cb2,USDC,14xmwinmCEz6oRrFdczHKqHgWNMiCysE2KrA4jXXAAM1Eogk,14fvrw92d9X4JcJ2a65i9KMkgHgN4y4yjVjHHRGPSxnUgnSY,795500,TRUE,2025-10,2025-Q4
9868997-0,2025-10-07 03:32:36,9868997,0x093da1e3283d2c263c4839fead767cbe99200fa553bfaa66f4ecbb6ec463d68d,USDC,14xmwinmCEz6oRrFdczHKqHgWNMiCysE2KrA4jXXAAM1Eogk,1Q48G385LcEU9EYSAcgjpwWggeSmf3ZjxUeVipSwDqTSsy2,57540,TRUE,2025-10,2025-Q4
10109529-0,2025-10-24 17:20:00,10109529,0x60385d5d65baf4f39b3bb98ebc3c36c8b2d2de810b60a68991b87d8cdc713b9a,USDC,14xmwinmCEz6oRrFdczHKqHgWNMiCysE2KrA4jXXAAM1Eogk,1K9gGjRK28vzKaM5Z7jRd5XDMNVTez7NsZPKWCAnyY9qMFb,38545,TRUE,2025-10,2025-Q4
6324608-0,2024-05-24 10:35:54,6324608,0x79c070a051f5684a364a0798dc4c76dad5194fed74c5e903530e9c4b25f8c704,USDT,14xmwinmCEz6oRrFdczHKqHgWNMiCysE2KrA4jXXAAM1Eogk,125PJW99jsGhULSVGkKAi5YKjCH9ZcfX23Htttzmevu6p7fG,69,TRUE,2024-05,2024-Q2
6429153-0,2024-06-08 07:32:54,6429153,0x16c998ac4b40a9bb14aee7211b8509c530cc09c5f003436cabfd7e73da852054,USDT,14xmwinmCEz6oRrFdczHKqHgWNMiCysE2KrA4jXXAAM1Eogk,16AExTwdZnzJ4UDM1MeQ3cNuetTtFz1yrpYTaVqCNJtmeppK,56750,TRUE,2024-06,2024-Q2
6584187-0,2024-06-30 06:24:12,6584187,0x33d41301d2da686a4e56cac22b6e00e46525430601ca08e3d1604001deb494d0,USDT,14xmwinmCEz6oRrFdczHKqHgWNMiCysE2KrA4jXXAAM1Eogk,12sNU8BXivMj1xQmcd4T39ugCyHjmhir8jkPqfAw5ZDESrx4,44712,TRUE,2024-06,2024-Q2
6607449-0,2024-07-03 13:51:24,6607449,0x8c12acfb343b8f9d31d553c42de5baa5c9c1af105ac2fbd85ec09a12a37d1b6b,USDT,14xmwinmCEz6oRrFdczHKqHgWNMiCysE2KrA4jXXAAM1Eogk,15aPQ8NRfgTHhMV436JZeVGQTCAQrCak7mGCDP3inJjRpV57,385978,TRUE,2024-07,2024-Q3
6750059-0,2024-07-23 18:13:06,6750059,0x3917477a721ee387edc688e932ac9fb5eff835e67293b413d3307b74c3ef0eae,USDT,14xmwinmCEz6oRrFdczHKqHgWNMiCysE2KrA4jXXAAM1Eogk,139L8cXPCrmyoE8wEFac46gCkT4DrcbxFYp3TgmvKgkdQ3Wk,48554,TRUE,2024-07,2024-Q3
6775187-0,2024-07-27 07:22:54,6775187,0xf42d35f8731d248b22a2e2089a709cc52fcd5950b37d440ec2de53f7cfcc5404,USDT,14xmwinmCEz6oRrFdczHKqHgWNMiCysE2KrA4jXXAAM1Eogk,15Un2AyaqUa46UvCkzAsijBy6dwyrCiF7rkVyKnT6WZqosB4,180850,TRUE,2024-07,2024-Q3
6802483-0,2024-07-31 03:46:54,6802483,0x3a9fdf21de164e53f3842e0013dec1d7d1b2af2b9349f02d1db442943d0ab89a,USDT,14xmwinmCEz6oRrFdczHKqHgWNMiCysE2KrA4jXXAAM1Eogk,15aPQ8NRfgTHhMV436JZeVGQTCAQrCak7mGCDP3inJjRpV57,198100,TRUE,2024-07,2024-Q3
6829547-0,2024-08-03 23:31:00,6829547,0xf4a44342a165de7f4acbed4bd7126e69dca4baa8ab309a0d4d0a11a246d271bb,USDT,14xmwinmCEz6oRrFdczHKqHgWNMiCysE2KrA4jXXAAM1Eogk,15aqpje6YhPi7aYuD1CnrTXRGwyu5FyoB3VnFbiNdzTk8Y8a,46045.8,TRUE,2024-08,2024-Q3
6854283-0,2024-08-07 11:11:24,6854283,0x3260c3aabee91b8e0420e02276592311675449e356bf43cde4bcf207606fd406,USDT,14xmwinmCEz6oRrFdczHKqHgWNMiCysE2KrA4jXXAAM1Eogk,1ijCjy6nzxE3zKCF33fbMVXRnPYdv4NvCFfU5D5zimbMyVf,46000,TRUE,2024-08,2024-Q3
6854792-0,2024-08-07 12:54:06,6854792,0x1c994e247b1d82302b733098ece4f2666ee2ecb62d5b9d3c83b4e977f988454b,USDT,14xmwinmCEz6oRrFdczHKqHgWNMiCysE2KrA4jXXAAM1Eogk,14do91fmVwXh119DY2bwfSTchsyD3ePA3WkKGNzBwHXVd9zN,105000,TRUE,2024-08,2024-Q3
6856535-0,2024-08-07 18:47:36,6856535,0x7cf6e0d3f5795c2cd2252109285b7a0329097bcae74b5b0d5f4cad79f953e94a,USDT,14xmwinmCEz6oRrFdczHKqHgWNMiCysE2KrA4jXXAAM1Eogk,12RP5AAF8TEb4qVBgiAgJXMVF8NzYZZPD8XftcKD7sM153E7,105573,TRUE,2024-08,2024-Q3
6858499-0,2024-08-08 01:24:24,6858499,0x3bacc77468e59db3ac0fc8532b8963c647ff7178d5c4a1dba5f1977a592c37d0,USDT,14xmwinmCEz6oRrFdczHKqHgWNMiCysE2KrA4jXXAAM1Eogk,12sNU8BXivMj1xQmcd4T39ugCyHjmhir8jkPqfAw5ZDESrx4,176400,TRUE,2024-08,2024-Q3
6863518-0,2024-08-08 18:22:00,6863518,0xd29147a704d8bc9cba69d5f87c11bc2cbe9128904dd59f7c716f1b615d4f7c6b,USDT,14xmwinmCEz6oRrFdczHKqHgWNMiCysE2KrA4jXXAAM1Eogk,12VpEWKJVwxRiDd8qjNAyEijS3CuhBDhiYnhLJc7ANfqmVJM,200,TRUE,2024-08,2024-Q3
6869447-0,2024-08-09 14:25:24,6869447,0x220abcc51426cbb9dbf0d4aeccd09af7ace519029611fcf9bcec1c84bc761847,USDT,14xmwinmCEz6oRrFdczHKqHgWNMiCysE2KrA4jXXAAM1Eogk,14xQXJdUDC1pzyt8y3z27ANiUBgP7zTSaYutaLELJoyQrdLP,44302.72,TRUE,2024-08,2024-Q3
6897010-0,2024-08-13 11:34:36,6897010,0xfa1b68a69081216497949597e6954547509f4b940066c6b605fcf596f2d2f3fd,USDT,14xmwinmCEz6oRrFdczHKqHgWNMiCysE2KrA4jXXAAM1Eogk,1HGnvAkk9nbfZ58CzUJhjcrLdEDMkr5qNkqqYkyD5BF5v6Y,1000,TRUE,2024-08,2024-Q3
6961419-0,2024-08-22 14:15:24,6961419,0xdbc7232f27f702ab820b5eefaedba0d2532a51b05b886f968f649a4a8f0ce4d9,USDT,14xmwinmCEz6oRrFdczHKqHgWNMiCysE2KrA4jXXAAM1Eogk,12VpEWKJVwxRiDd8qjNAyEijS3CuhBDhiYnhLJc7ANfqmVJM,1900,TRUE,2024-08,2024-Q3
7067594-0,2024-09-06 13:43:12,7067594,0xe10ced7bf9999cd676d883b3388dce7f676c6060b9d77580d9e17307b1e61f35,USDT,14xmwinmCEz6oRrFdczHKqHgWNMiCysE2KrA4jXXAAM1Eogk,1jdqZ53uEWAVFMGD1FCYsUyu4BpqrbgwRw2NpKpPPPQEG2z,38980,TRUE,2024-09,2024-Q3
7089326-0,2024-09-09 15:05:48,7089326,0x6a700d0fb63ad87434e330c17caaefb642fe125bdfdf011d68eeece2e9be0ade,USDT,14xmwinmCEz6oRrFdczHKqHgWNMiCysE2KrA4jXXAAM1Eogk,16WCLocYQqR1n59skAM1ZkcsR8mWEt7muGXS86yak6hPGNuR,37314,TRUE,2024-09,2024-Q3
7096254-0,2024-09-10 14:31:36,7096254,0xa853ea766ea157309ef59ba66c7fe71545e4b0377b4cef3cf272f29d6979f532,USDT,14xmwinmCEz6oRrFdczHKqHgWNMiCysE2KrA4jXXAAM1Eogk,12R1XCdgkHysv8Y4ntiXguo4eUYHXjQTmfRjL8FbmezsG71j,596482.79,TRUE,2024-09,2024-Q3
7103831-0,2024-09-11 17:27:48,7103831,0x79b80151193195f102392cebce1a98863cb9a2319a589a83437e37b08e981d7d,USDT,14xmwinmCEz6oRrFdczHKqHgWNMiCysE2KrA4jXXAAM1Eogk,16hdUXXYjoBQBpdQ14z7qk372rwNHkdQJ9YyBuPaXiZcqnru,50000,TRUE,2024-09,2024-Q3
7145500-2,2024-09-17 16:54:36,7145500,0x540cd9b648cfca7a5a1fce07e5f0e70091ebd3c9f88a82ef8b6598f9a5b6413c,USDT,13b1ppco1mQLBLGX71zBabh7aUaEvqQVoSWhQmHGjWwGTjxM,14xmwinmCEz6oRrFdczHKqHgWNMiCysE2KrA4jXXAAM1Eogk,1,TRUE,2024-09,2024-Q3
7176413-0,2024-09-22 02:16:24,7176413,0x93c1f64955732b7b4e88e20cef6ab4c0120b0a537329cfd4346a207596f5d5bc,USDT,14xmwinmCEz6oRrFdczHKqHgWNMiCysE2KrA4jXXAAM1Eogk,13mrRC7BgZzK8yhr7e1XxDZc5PRTJxvVfVzz93TxugSC1yJr,182275,TRUE,2024-09,2024-Q3
7300848-0,2024-10-09 15:15:24,7300848,0x50389c8814aaec7eb88d16816f9f5aea441108179e3a8f50d94bb8601ccdb343,USDT,14xmwinmCEz6oRrFdczHKqHgWNMiCysE2KrA4jXXAAM1Eogk,15fTH34bbKGMUjF1bLmTqxPYgpg481imThwhWcQfCyktyBzL,180000,TRUE,2024-10,2024-Q4
7306637-0,2024-10-10 10:53:18,7306637,0x7024cec1465d0efe4d89dbf8fa1abb2e5f8a50c7bc9040780e4a4f08defc92a0,USDT,14xmwinmCEz6oRrFdczHKqHgWNMiCysE2KrA4jXXAAM1Eogk,14XNJmoUzkvmh9cYoqG4axBRR4BWzWRbnFP79oiZgKu7V9bz,19800,TRUE,2024-10,2024-Q4
7377686-0,2024-10-20 10:57:30,7377686,0xd2918151741a7ed5936429a11348c32fdacda6431c7c5dd9fcca62d0e7d2f308,USDT,14xmwinmCEz6oRrFdczHKqHgWNMiCysE2KrA4jXXAAM1Eogk,14QhzKsxmrECK8EDpLzzep8tWcYMUPYfXGfmgqM8cVtYRJjJ,2400,TRUE,2024-10,2024-Q4
7421192-0,2024-10-26 13:33:24,7421192,0xabf4c57e00a311ad1a4e168cdf7a0752c9ede7dd43c16780737fa6e41bb9a6a0,USDT,14xmwinmCEz6oRrFdczHKqHgWNMiCysE2KrA4jXXAAM1Eogk,167tDhLwaQ6kmqau1zwWx48Ux7CS1rxC9jW5kn8PeRZWAVUy,20506,TRUE,2024-10,2024-Q4
7482669-0,2024-11-04 04:34:48,7482669,0xb10b3e728514b10091fc7e201d991683b325e440fea360086439d7eeeb77aac4,USDT,14xmwinmCEz6oRrFdczHKqHgWNMiCysE2KrA4jXXAAM1Eogk,121avdvM8H6BUgxFrg8fVT5mH346XNYW5YEwdo3xvLnhL9rn,15000,TRUE,2024-11,2024-Q4
7507030-0,2024-11-07 14:19:24,7507030,0x79a4f382ee5eb1f51e753137b84d90a286a21056cc4867e4c9065b0b11d96aa2,USDT,14xmwinmCEz6oRrFdczHKqHgWNMiCysE2KrA4jXXAAM1Eogk,16JVrgg7t6m5UXAtDBM7jYp9XjAxALRVFP6GuKVFmi9HLw8d,500,TRUE,2024-11,2024-Q4
7545753-0,2024-11-13 00:50:18,7545753,0xbbd0d8bd262f83ba5379270c05b84a943b280fc51215e4a56b53535210c90a1c,USDT,14xmwinmCEz6oRrFdczHKqHgWNMiCysE2KrA4jXXAAM1Eogk,14TBj11j7YPH9N3YSpVBUrrxNaLY8Szbvj8pWNHpdkthA7ff,763000,TRUE,2024-11,2024-Q4
7547278-0,2024-11-13 05:57:12,7547278,0x5c6a7c45b762fbf7f03be6fc0db1c3f49c1ea03518d1ab321c142c36e40696f3,USDT,14xmwinmCEz6oRrFdczHKqHgWNMiCysE2KrA4jXXAAM1Eogk,12sNU8BXivMj1xQmcd4T39ugCyHjmhir8jkPqfAw5ZDESrx4,469845,TRUE,2024-11,2024-Q4
7599693-0,2024-11-20 14:42:54,7599693,0xde81f9e731f429bfda6a366be8650991169c6937806b44446e8da5e4169b2e20,USDT,14xmwinmCEz6oRrFdczHKqHgWNMiCysE2KrA4jXXAAM1Eogk,1VNSqFCX4Gk7R8kKBbEaYhXSioBGLrrL4kHgLwDkoTLkgqB,75000,TRUE,2024-11,2024-Q4
7602494-0,2024-11-21 00:08:06,7602494,0x08a8e94831c4c9fdc9cde268c5fe14f8d0d015aea6287c6c0ba7cad09a52d756,USDT,14xmwinmCEz6oRrFdczHKqHgWNMiCysE2KrA4jXXAAM1Eogk,1qAsfc59XsRLiy3DZfc4buS4umW6Q4xaJcWALj1eguZTi75,1250,TRUE,2024-11,2024-Q4
7602927-0,2024-11-21 01:35:06,7602927,0xccb2bfefe59bdd03cecc4140f70ee77ed290505b2e20b58a93d2ec11bdbd3eaf,USDT,14xmwinmCEz6oRrFdczHKqHgWNMiCysE2KrA4jXXAAM1Eogk,13orJpEPqMKLwWn7Tw9rULcDSSQXfLRgP4p3VTYRPHgZw7if,42000,TRUE,2024-11,2024-Q4
7611522-0,2024-11-22 06:32:24,7611522,0xef1d383846646edd006ac406dbf8d14455775a7ae4a7bcf520a80e2bcb5e664a,USDT,14xmwinmCEz6oRrFdczHKqHgWNMiCysE2KrA4jXXAAM1Eogk,14N5cTFuzJf6irrQkKNAjiADKsCxgk48LUKx2fA77YRruzMW,12000,TRUE,2024-11,2024-Q4
7624595-0,2024-11-24 03:03:06,7624595,0x5a5cde94874e396d94ca63067d86f61f57cac0c9df064513b239e264d942395d,USDT,14xmwinmCEz6oRrFdczHKqHgWNMiCysE2KrA4jXXAAM1Eogk,154qdj3b5QievXzQPRPB792Ni4FmMqeXrjkRmdDtgnSMds2b,32500,TRUE,2024-11,2024-Q4
7635073-0,2024-11-25 14:25:42,7635073,0x3d230fad5b90881c4bcc956d30f05da1fdaef0897e0030b5d1f237a362f0f677,USDT,14xmwinmCEz6oRrFdczHKqHgWNMiCysE2KrA4jXXAAM1Eogk,12zT4mjRRAc1vD8M3rhpQjmU6BABN4jvUUYqrvbUdd85nRTy,4534,TRUE,2024-11,2024-Q4
7662915-0,2024-11-29 12:01:18,7662915,0x339bfe3c8c9b223abc8c7e56096f5a89e2cc6fa4b10321c51e49e4d0dd74af65,USDT,14xmwinmCEz6oRrFdczHKqHgWNMiCysE2KrA4jXXAAM1Eogk,16q8a9V8qSVscHMi6HoobBjMpBe23HzhYW9DDNgFLyBgAQT,690600,TRUE,2024-11,2024-Q4
7663801-0,2024-11-29 15:00:18,7663801,0x8dde8e2b2e6f47147b48ee21fac3a7489328c6909682f83ec924c83a7920ab7b,USDT,14xmwinmCEz6oRrFdczHKqHgWNMiCysE2KrA4jXXAAM1Eogk,131S1zdnMfhF1hB4sWornxLvX5SY3c8GhtFPPePUTvhphQRM,50000,TRUE,2024-11,2024-Q4
7697491-0,2024-12-04 08:17:24,7697491,0x52d1832ccb250218afb4314f182ce436cd3e06d0065799e113dd49b284ddccab,USDT,14xmwinmCEz6oRrFdczHKqHgWNMiCysE2KrA4jXXAAM1Eogk,16ZwocRmk9McUZuyivwovuhHsCWbhSeDS28JwFUsD4AbmXja,809600,TRUE,2024-12,2024-Q4
7763086-0,2024-12-13 13:27:54,7763086,0x6498c12f33c8a6686fb378a36f62eed7d4acd6c209efa3c754197a25a24bbce7,USDT,14xmwinmCEz6oRrFdczHKqHgWNMiCysE2KrA4jXXAAM1Eogk,12uXLCZZkprwRBhfmhTXdfQE8faQwgNpS76wwmnEbgDwWB9e,20000,TRUE,2024-12,2024-Q4
7775857-0,2024-12-15 08:48:00,7775857,0x3bf1f2f6c6cdfdedc3b02cfa5934dc08f155edd7e676265a6012f3fa2927adf6,USDT,14xmwinmCEz6oRrFdczHKqHgWNMiCysE2KrA4jXXAAM1Eogk,13H3js2thrYVEotBRjgBw4b1GySxMb4NRzM5Q8gN7AAFPsEZ,280000,TRUE,2024-12,2024-Q4
7789001-0,2024-12-17 05:39:48,7789001,0x9866e9f1a90e778726fc7d2aa6ed5a14ee478980c48507a0c9d2baf057820c8c,USDT,14xmwinmCEz6oRrFdczHKqHgWNMiCysE2KrA4jXXAAM1Eogk,12KXpejnUXsvmUpgQe5Jc5uQZ1efD4UrXf3F4cfTP8N21XEB,134500,TRUE,2024-12,2024-Q4
7834909-0,2024-12-23 16:21:24,7834909,0x9422dcd039eb8e5c364c5bb20cb3d3e04582e198494c340e7dcb70a0198e700b,USDT,14xmwinmCEz6oRrFdczHKqHgWNMiCysE2KrA4jXXAAM1Eogk,15fGrDWmFoaApnZXEw1Zg45zuCqpkbMS9YPzczeU9dHseUUu,16000,TRUE,2024-12,2024-Q4
7847751-0,2024-12-25 11:29:54,7847751,0x2268a733215767dafe4f5de4aeaccf5117b17d2440666b07dd9e24059e68c6e9,USDT,14xmwinmCEz6oRrFdczHKqHgWNMiCysE2KrA4jXXAAM1Eogk,15wBVkugq2FaeSnaHJgf3BL3mgCb5Nf3mi1nVd1yPuRyUKhR,150610,TRUE,2024-12,2024-Q4
7861961-0,2024-12-27 11:08:24,7861961,0x2f81fc2b1d7e1bfd517b446552a7774dac14c547e9ddd8af1438d796bcfe9d9f,USDT,14xmwinmCEz6oRrFdczHKqHgWNMiCysE2KrA4jXXAAM1Eogk,126KK6oTXgmtkKDqgFJZkDQSvH5oes5xwHhnbpzPMBBTJShp,260000,TRUE,2024-12,2024-Q4
7877192-0,2024-12-29 14:11:54,7877192,0x09751f06c720bb516cb5c6ce7c4a54d830c96563a81612104ba1b6bd053c6f80,USDT,14xmwinmCEz6oRrFdczHKqHgWNMiCysE2KrA4jXXAAM1Eogk,13wa8ddUNUhXnGeTrjYH8hYXF2jNdCJvgcADJakNvtNdGozX,640000,TRUE,2024-12,2024-Q4
7917966-0,2025-01-04 07:05:54,7917966,0x5cca95323a3527fc75a791ea514d4835b55b58cddd5828e6497f791d77660c04,USDT,14xmwinmCEz6oRrFdczHKqHgWNMiCysE2KrA4jXXAAM1Eogk,1HomBzZwkpQjhm3e9hQJ2AVFPmV4Ppon9ycCo91bh88xmGn,92880,TRUE,2025-01,2025-Q1
7918195-0,2025-01-04 07:52:00,7918195,0xc9d8fc71314928cfe9600172e32718871313fa985fc42302fa6a22453588d857,USDT,14xmwinmCEz6oRrFdczHKqHgWNMiCysE2KrA4jXXAAM1Eogk,12QZUSm3c2HMjKFDdsY5XVT4gTJeUCiupRA5zUaQmSmnhToK,253512.32,TRUE,2025-01,2025-Q1
7936908-0,2025-01-06 22:42:42,7936908,0x74085fdb1ca83b6b0d2bccb20132dbcd7590fa1c074ca47e56d998de833b199a,USDT,14xmwinmCEz6oRrFdczHKqHgWNMiCysE2KrA4jXXAAM1Eogk,14do91fmVwXh119DY2bwfSTchsyD3ePA3WkKGNzBwHXVd9zN,115000,TRUE,2025-01,2025-Q1
7954180-0,2025-01-09 08:47:18,7954180,0xf8ceb15da861fd99d3b7d551589c276a36a409bbf9b84330852d114f4334a1ef,USDT,14xmwinmCEz6oRrFdczHKqHgWNMiCysE2KrA4jXXAAM1Eogk,14mY9eUFJT615yWz2G7x4NP53svJVXvTzdpWDsmaXFAN7uYN,33200,TRUE,2025-01,2025-Q1
7998914-0,2025-01-15 15:02:48,7998914,0xf2cc6f91c26308da94c2f072a4062cf2cdb7a5eb0f4143b5581e6bac6cd8e087,USDT,14xmwinmCEz6oRrFdczHKqHgWNMiCysE2KrA4jXXAAM1Eogk,12ERJTzzE5wseQbjB9cR8JnWKKD5bRzw2Kp7pxqsCdhyWhJE,45000,TRUE,2025-01,2025-Q1
8081969-0,2025-01-27 06:36:42,8081969,0x6f5e5ae79782cf3affb03b21c1a6d82844400db4e35462cb57ff0f80fbf24794,USDT,14xmwinmCEz6oRrFdczHKqHgWNMiCysE2KrA4jXXAAM1Eogk,14RYaXRSqb9rPqMaAVp1UZW2czQ6dMNGMbvukwfifi6m8ZgZ,163507.88,TRUE,2025-01,2025-Q1
8103267-0,2025-01-30 06:09:24,8103267,0x625a78a2f0de3fd842d4dd65a4ca51362c62cb6f3bdb6e754cf0b0f402ccd05c,USDT,14xmwinmCEz6oRrFdczHKqHgWNMiCysE2KrA4jXXAAM1Eogk,13MNarAqpNkginnQb6gTNq2QnieZGs2SKu8JdK9LLxo6ksEP,82000,TRUE,2025-01,2025-Q1
8182286-0,2025-02-10 07:28:24,8182286,0x536c24103302e17b587fd26dace9b8e20b3372e6cd41fa9c49a3c32ecedb19f1,USDT,14xmwinmCEz6oRrFdczHKqHgWNMiCysE2KrA4jXXAAM1Eogk,12gQvjeL7m7n63YDoRZjYJjt4mHLEYiEjvB5XyfHHZYNs8Dh,1005000,TRUE,2025-02,2025-Q1
8212002-0,2025-02-14 11:03:48,8212002,0xccde73bb584a9043faf556cba60a56189593b3b7eec1bc7fa1c3a93239ff360d,USDT,14xmwinmCEz6oRrFdczHKqHgWNMiCysE2KrA4jXXAAM1Eogk,14ndeTDDPtYRdpVdmERFscuWby9k1kE89Dtw23zrH38LCtY,1037010,TRUE,2025-02,2025-Q1
8252306-0,2025-02-20 03:16:30,8252306,0x84f5f2844c35dbb1dcbba35ce45b7066ced38c417ed6280e49bbeb7d1715c098,USDT,14xmwinmCEz6oRrFdczHKqHgWNMiCysE2KrA4jXXAAM1Eogk,12uYULCstsq2Nd5hmjPidnSQGDcy4WJhLFw9qJJFEz6tEbiQ,25000,TRUE,2025-02,2025-Q1
8399866-2,2025-03-12 19:05:48,8399866,0xe69f256449deb285d25da58b9425e5f1537a6d4f528cf5b0c6336735e0d2cd14,USDT,167tDhLwaQ6kmqau1zwWx48Ux7CS1rxC9jW5kn8PeRZWAVUy,14xmwinmCEz6oRrFdczHKqHgWNMiCysE2KrA4jXXAAM1Eogk,10,TRUE,2025-03,2025-Q1
8407281-2,2025-03-13 20:02:18,8407281,0x8b91c64574c07aa82e32edcfb531818ace943314a15ebbb70863d9956401ea0c,USDT,167tDhLwaQ6kmqau1zwWx48Ux7CS1rxC9jW5kn8PeRZWAVUy,14xmwinmCEz6oRrFdczHKqHgWNMiCysE2KrA4jXXAAM1Eogk,2443.8,TRUE,2025-03,2025-Q1
8427353-0,2025-03-16 15:35:18,8427353,0x9e87ce7c814466c9b305bd720332c89bfd1b7c5fc32a1702f78c417edc953157,USDT,14xmwinmCEz6oRrFdczHKqHgWNMiCysE2KrA4jXXAAM1Eogk,12sNU8BXivMj1xQmcd4T39ugCyHjmhir8jkPqfAw5ZDESrx4,67051,TRUE,2025-03,2025-Q1
8433071-0,2025-03-17 10:50:48,8433071,0x2f555bd965892443d681e5da81e60d1d3b1d6142e6a1a9f5fed5fa15a033cda7,USDT,14xmwinmCEz6oRrFdczHKqHgWNMiCysE2KrA4jXXAAM1Eogk,1ioDyqyquk949WZLePvHF3NndBqCmFW7jAigpzybifJ4YZ9,1000,TRUE,2025-03,2025-Q1
8436649-0,2025-03-17 22:54:00,8436649,0xad53f636df4bb8f6ae70e99311932d2e128f0052251d2c421ddddcb054230e60,USDT,14xmwinmCEz6oRrFdczHKqHgWNMiCysE2KrA4jXXAAM1Eogk,15xjuCebCEYgd2otULLFqzXDNcfrErm9hyi3tMoXBvTFERtF,350000,TRUE,2025-03,2025-Q1
8461979-0,2025-03-21 12:26:00,8461979,0x42f7b1012dc3ce47d70fe3a0492beea1f2b3040df08243825595b080d30191ae,USDT,14xmwinmCEz6oRrFdczHKqHgWNMiCysE2KrA4jXXAAM1Eogk,139L8cXPCrmyoE8wEFac46gCkT4DrcbxFYp3TgmvKgkdQ3Wk,90070,TRUE,2025-03,2025-Q1
8510583-0,2025-03-28 07:43:12,8510583,0x969ed706ec6c0f10dc632779f6ec38b06d1c63cb4dda52401c410d9af3b10dc4,USDT,14xmwinmCEz6oRrFdczHKqHgWNMiCysE2KrA4jXXAAM1Eogk,13SceNt2ELz3ti4rnQbY1snpYH4XE4fLFsW8ph9rpwJd6HFC,530671,TRUE,2025-03,2025-Q1
8530289-0,2025-03-31 02:06:36,8530289,0x19d2f51a3863341706f06ccd8a25250a1705371b98df600df5131b7ad8e6e7f2,USDT,14xmwinmCEz6oRrFdczHKqHgWNMiCysE2KrA4jXXAAM1Eogk,14RYaXRSqb9rPqMaAVp1UZW2czQ6dMNGMbvukwfifi6m8ZgZ,249250,TRUE,2025-03,2025-Q1
8582224-0,2025-04-07 09:43:12,8582224,0x582c80985de8b1decaaaf6a310ec9aa78be30b3f081393c4b9b483b17fdb0d76,USDT,14xmwinmCEz6oRrFdczHKqHgWNMiCysE2KrA4jXXAAM1Eogk,14WDzCH27d6r3enLcGBFQLucoU174kMFX4n277bMaDjecqnS,1750000,TRUE,2025-04,2025-Q2
8605597-0,2025-04-10 16:52:48,8605597,0xcd7ccfe372ef59486b3f264103ae922f09ba4b74d9fb866d300fc90e792ab3c3,USDT,14xmwinmCEz6oRrFdczHKqHgWNMiCysE2KrA4jXXAAM1Eogk,16dBWtYP2EH91cP6VJRFzPg9CmaY5PzK1LBPVmRRuEYEW5k6,5000,TRUE,2025-04,2025-Q2
8633271-0,2025-04-14 14:21:18,8633271,0xfe552f9504cdff82b4d4c46365f78396f3bb1b635c941c5734e7ee745fb0af07,USDT,14xmwinmCEz6oRrFdczHKqHgWNMiCysE2KrA4jXXAAM1Eogk,12bQQVKHXzYySZsx3dD8k1xfzrPdWMvc8vaFi5XewKUhDus4,290400,TRUE,2025-04,2025-Q2
8688574-0,2025-04-22 09:24:36,8688574,0xf6631087c392701a48fe750fa62ae69b6e6a22bcaedec2572ea928ab80a17aac,USDT,14xmwinmCEz6oRrFdczHKqHgWNMiCysE2KrA4jXXAAM1Eogk,16W7xmgxqZr7n1eqt6acZ8TtAbXybJZi3k51y4qDCjzgVY4j,1500000,TRUE,2025-04,2025-Q2
8737006-0,2025-04-29 06:00:24,8737006,0x5e71ca8d80d710e065bf0915ac51e88fdd1ab51b0eb912a6959b2725f7e0c775,USDT,14xmwinmCEz6oRrFdczHKqHgWNMiCysE2KrA4jXXAAM1Eogk,12mP4sjCfKbDyMRAEyLpkeHeoYtS5USY4x34n9NMwQrcEyoh,266652,TRUE,2025-04,2025-Q2
8784427-0,2025-05-06 00:37:06,8784427,0x3f7813c160076c85a55fe18491ae55d8508c6644d58a7794deacfb5290af954b,USDT,14xmwinmCEz6oRrFdczHKqHgWNMiCysE2KrA4jXXAAM1Eogk,16q8a9V8qSVscHMi6HoobBjMpBe23HzhYW9DDNgFLyBgAQT,598100,TRUE,2025-05,2025-Q2
8789648-2,2025-05-06 20:59:54,8789648,0x7818a8f0091590db38db4b06765c359d41dcfcea42bf5ffffef1f7bcd01fa588,USDT,13wa8ddUNUhXnGeTrjYH8hYXF2jNdCJvgcADJakNvtNdGozX,14xmwinmCEz6oRrFdczHKqHgWNMiCysE2KrA4jXXAAM1Eogk,231755,TRUE,2025-05,2025-Q2
8798811-0,2025-05-08 06:51:06,8798811,0xd5d7c2c586b45ebea634ebe0117ef04b6bca6bcaf9f188b8fbe28bee37139b11,USDT,14xmwinmCEz6oRrFdczHKqHgWNMiCysE2KrA4jXXAAM1Eogk,14xQXJdUDC1pzyt8y3z27ANiUBgP7zTSaYutaLELJoyQrdLP,201140,TRUE,2025-05,2025-Q2
8835333-0,2025-05-13 10:55:54,8835333,0x888d45e85b6ff411a0720b3ea0eb70b89d85151135c2d634e190cae191239046,USDT,14xmwinmCEz6oRrFdczHKqHgWNMiCysE2KrA4jXXAAM1Eogk,1eGtATyy4ayn77dsrhdW8N3Vs1yjqjzJcintksNmScqy31j,45000,TRUE,2025-05,2025-Q2
8898532-0,2025-05-22 09:57:42,8898532,0x2aeb7590c8b701c7387ad42a6bc73cc0affb4433d7dae7b631de16ae07a579de,USDT,14xmwinmCEz6oRrFdczHKqHgWNMiCysE2KrA4jXXAAM1Eogk,13bfKSQXoBn3AMLtZaW6BKv797fqZzsD3PYF6xpJDir3tdoE,310592.98,TRUE,2025-05,2025-Q2
8936218-0,2025-05-27 17:36:00,8936218,0x8e7b0c420c3d5163ca2466151c52946a4df98c163bda6a5892a2bcb91d911217,USDT,14xmwinmCEz6oRrFdczHKqHgWNMiCysE2KrA4jXXAAM1Eogk,131MpMXeuKG6L27Ye23uzWr739KFbbrCBdiv39XZtnTCPwQB,1900002,TRUE,2025-05,2025-Q2
8937140-0,2025-05-27 20:43:06,8937140,0x582086e510a8db562cd19ee3dc3d5bdb00b285e3a26465227c0ee16138466711,USDT,14xmwinmCEz6oRrFdczHKqHgWNMiCysE2KrA4jXXAAM1Eogk,12zT4mjRRAc1vD8M3rhpQjmU6BABN4jvUUYqrvbUdd85nRTy,82667,TRUE,2025-05,2025-Q2
8962533-0,2025-05-31 10:31:18,8962533,0x091e2917624e8517afcc1aa8b9c27115f78632853e63913aaadc1a9b82775b97,USDT,14xmwinmCEz6oRrFdczHKqHgWNMiCysE2KrA4jXXAAM1Eogk,16ErEZGcba73vb1iqLGHinop16aqMGLL8d3rjeMquuki42kN,80000.0001,TRUE,2025-05,2025-Q2
8972958-0,2025-06-01 23:41:24,8972958,0x72e7eb95944a60bdad8175842b5a2e960d506373815ec927b0bbaa2f332e6d31,USDT,14xmwinmCEz6oRrFdczHKqHgWNMiCysE2KrA4jXXAAM1Eogk,149FXUmHgg75z4sk2LzFDyctNLHhzf2YxGMFHT7TakkbeQ7F,209520,TRUE,2025-06,2025-Q2
9017978-0,2025-06-08 07:46:18,9017978,0x3673d66fde2d25c0dfeea9a9063339edfbc00739da396c007e634171e91f40c8,USDT,14xmwinmCEz6oRrFdczHKqHgWNMiCysE2KrA4jXXAAM1Eogk,13orJpEPqMKLwWn7Tw9rULcDSSQXfLRgP4p3VTYRPHgZw7if,70000,TRUE,2025-06,2025-Q2
9021752-0,2025-06-08 20:34:18,9021752,0x5bcfb821b830e84de9bc630c7374e63ba853cf23abf88285b74cbd12e6f31c2b,USDT,14xmwinmCEz6oRrFdczHKqHgWNMiCysE2KrA4jXXAAM1Eogk,12ZLi8PUyfpJxKqWDUkaBPPt8cyYNZJ6F2TgyecVF5Jp5a64,150000,TRUE,2025-06,2025-Q2
9025140-0,2025-06-09 07:58:54,9025140,0x1938b88524e8b18fc560ec332924cf97e69377a6106394915b8eb7be97ac9fa4,USDT,14xmwinmCEz6oRrFdczHKqHgWNMiCysE2KrA4jXXAAM1Eogk,12KXpejnUXsvmUpgQe5Jc5uQZ1efD4UrXf3F4cfTP8N21XEB,157000,TRUE,2025-06,2025-Q2
9082592-0,2025-06-17 09:53:00,9082592,0x9a60264a28a115e2d2efbdd81a0e129954afaabe626930193ca95f4d24a8c9b1,USDT,14xmwinmCEz6oRrFdczHKqHgWNMiCysE2KrA4jXXAAM1Eogk,16W7xmgxqZr7n1eqt6acZ8TtAbXybJZi3k51y4qDCjzgVY4j,1500000,TRUE,2025-06,2025-Q2
9194004-0,2025-07-03 02:45:48,9194004,0xd178cb31da576e74e61d632265b8daaf673d5d62d5ac74d2a2f4e32f28b38029,USDT,14xmwinmCEz6oRrFdczHKqHgWNMiCysE2KrA4jXXAAM1Eogk,139L8cXPCrmyoE8wEFac46gCkT4DrcbxFYp3TgmvKgkdQ3Wk,49000,TRUE,2025-07,2025-Q3
9232503-0,2025-07-08 12:52:24,9232503,0xdebe2d5a9af10c55ceaa821a4362737b58c4ad2a85ad9bdf46e21533f418c4b5,USDT,14xmwinmCEz6oRrFdczHKqHgWNMiCysE2KrA4jXXAAM1Eogk,167tDhLwaQ6kmqau1zwWx48Ux7CS1rxC9jW5kn8PeRZWAVUy,1029730,TRUE,2025-07,2025-Q3
9244941-0,2025-07-10 06:52:42,9244941,0xeed57644fc29a4d4b1d3dec3d505be35f98936ab8dae075748df5a959b2905aa,USDT,14xmwinmCEz6oRrFdczHKqHgWNMiCysE2KrA4jXXAAM1Eogk,1vfmouKGWQEJSpUWRqYrYLZ865ps6M7TDSu5kgfSV6tPxLf,250,TRUE,2025-07,2025-Q3
9249104-0,2025-07-10 20:59:30,9249104,0x422ffad561ee94a7ad62d072f5934d844e5489587997541bdb05237d5886fea2,USDT,14xmwinmCEz6oRrFdczHKqHgWNMiCysE2KrA4jXXAAM1Eogk,12gMhxHw8QjEwLQvnqsmMVY1z5gFa54vND74aMUbhhwN6mJR,7575.654,TRUE,2025-07,2025-Q3
9375314-0,2025-07-29 03:47:54,9375314,0xebcf4f4f0cc8d08904df7b7cfbdaf711212b3170f79f416803fbe0a1ab63c78e,USDT,14xmwinmCEz6oRrFdczHKqHgWNMiCysE2KrA4jXXAAM1Eogk,12BJTP99gUerdvBhPobiTvrWwRaj1i5eFHN9qx51JWgrBtmv,376300,TRUE,2025-07,2025-Q3
9391848-0,2025-07-31 14:31:30,9391848,0x6a423bbb1b71b4d8ac319a7d918855c15f507fa57ec5d05a36a29b4f12c63951,USDT,14xmwinmCEz6oRrFdczHKqHgWNMiCysE2KrA4jXXAAM1Eogk,14QhzKsxmrECK8EDpLzzep8tWcYMUPYfXGfmgqM8cVtYRJjJ,2400,TRUE,2025-07,2025-Q3
9431044-0,2025-08-06 10:13:36,9431044,0x9002aedd12d687d22d803210bb9dce85dcdf6df90f1976e21b037b70cc6174d6,USDT,14xmwinmCEz6oRrFdczHKqHgWNMiCysE2KrA4jXXAAM1Eogk,16W7xmgxqZr7n1eqt6acZ8TtAbXybJZi3k51y4qDCjzgVY4j,729298,TRUE,2025-08,2025-Q3
9445659-0,2025-08-08 14:00:24,9445659,0xa07c9ee64fa45a8513e0f5b5000d92907840bfe0b169406e47462fbaa879f239,USDT,14xmwinmCEz6oRrFdczHKqHgWNMiCysE2KrA4jXXAAM1Eogk,15xjuCebCEYgd2otULLFqzXDNcfrErm9hyi3tMoXBvTFERtF,250000,TRUE,2025-08,2025-Q3
9601824-0,2025-09-01 07:57:54,9601824,0x1b59cd9dced77c5f13915b765d99bb0adc6509a3b57e0ba71a866cbfbd4670a7,USDT,14xmwinmCEz6oRrFdczHKqHgWNMiCysE2KrA4jXXAAM1Eogk,1BnHPJkRY3cvdG85CpNzqmRs5UdzJLMguvmK2GRJj5kqB38,160746,TRUE,2025-09,2025-Q3
9608370-0,2025-09-02 08:11:30,9608370,0x67f6a1303c9516ba2d5c98c43e3ebf3cc50ef5cb64a9d03b1f019f00e18399d1,USDT,14xmwinmCEz6oRrFdczHKqHgWNMiCysE2KrA4jXXAAM1Eogk,167tDhLwaQ6kmqau1zwWx48Ux7CS1rxC9jW5kn8PeRZWAVUy,35700,TRUE,2025-09,2025-Q3
9728702-0,2025-09-21 10:26:12,9728702,0xa04bb2dcf6b5d405f90be17460eff25b12db6a52fea4baf3740cf8f096111ecf,USDT,14xmwinmCEz6oRrFdczHKqHgWNMiCysE2KrA4jXXAAM1Eogk,15rRwaS5RjZUuCcy3uE8H9CSbjbibZUnVApjZcApxTypAfah,184665,TRUE,2025-09,2025-Q3
6840448-0,2024-08-05 12:28:54,6840448,0x7ae360758d574eb586c420aa3cbb32e7e20063067e5e990217d5d19c96ccf6bc,DOT,14xmwinmCEz6oRrFdczHKqHgWNMiCysE2KrA4jXXAAM1Eogk,129Uxho5oKBz6js8dwjoQLzLjYsEs4ZLBtS7KRotQbunVNfP,187849,TRUE,2024-08,2024-Q3
6840458-0,2024-08-05 12:30:54,6840458,0x8c7187824623c2dcd81c72fa3869ee7b8389836be1bf232d28d9967c9acdd1fd,DOT,14xmwinmCEz6oRrFdczHKqHgWNMiCysE2KrA4jXXAAM1Eogk,129Uxho5oKBz6js8dwjoQLzLjYsEs4ZLBtS7KRotQbunVNfP,13221,TRUE,2024-08,2024-Q3
6840459-0,2024-08-05 12:31:06,6840459,0x767f05e6c112a3958e389ff6b7455aab92e98e578a77d6aad578fd651a4b2140,DOT,14xmwinmCEz6oRrFdczHKqHgWNMiCysE2KrA4jXXAAM1Eogk,129Uxho5oKBz6js8dwjoQLzLjYsEs4ZLBtS7KRotQbunVNfP,13221,TRUE,2024-08,2024-Q3
6939258-0,2024-08-19 11:08:18,6939258,0x1a09a7926588d7bc8201f8b9d1a7a0955e4e3df2a2fe63187d90d3993e77f2e5,DOT,14xmwinmCEz6oRrFdczHKqHgWNMiCysE2KrA4jXXAAM1Eogk,129Uxho5oKBz6js8dwjoQLzLjYsEs4ZLBtS7KRotQbunVNfP,13221,TRUE,2024-08,2024-Q3
7151426-0,2024-09-18 13:49:48,7151426,0xcc3c76bedf0639629458a9fe214dbc136fb6fcb1517bf85efb1655da97dcf790,DOT,14xmwinmCEz6oRrFdczHKqHgWNMiCysE2KrA4jXXAAM1Eogk,129Uxho5oKBz6js8dwjoQLzLjYsEs4ZLBtS7KRotQbunVNfP,13221,TRUE,2024-09,2024-Q3
7151427-0,2024-09-18 13:50:00,7151427,0x4a474d77f5b4f4f82d7e03085ae68d73ec9d3c9c75dcafb26ab7fa9c1de96532,DOT,14xmwinmCEz6oRrFdczHKqHgWNMiCysE2KrA4jXXAAM1Eogk,129Uxho5oKBz6js8dwjoQLzLjYsEs4ZLBtS7KRotQbunVNfP,158656,TRUE,2024-09,2024-Q3
7383155-0,2024-10-21 05:28:30,7383155,0x5f2e779c79ad68b109132d88ffdd48da14e14d0a0be8cd3b318f70e42087fb08,DOT,14xmwinmCEz6oRrFdczHKqHgWNMiCysE2KrA4jXXAAM1Eogk,129Uxho5oKBz6js8dwjoQLzLjYsEs4ZLBtS7KRotQbunVNfP,13221,TRUE,2024-10,2024-Q4
7592412-0,2024-11-19 14:15:06,7592412,0xe321c6029cf70423c61c08152f026235e87833511df34360c6b582b3757ed772,DOT,14xmwinmCEz6oRrFdczHKqHgWNMiCysE2KrA4jXXAAM1Eogk,129Uxho5oKBz6js8dwjoQLzLjYsEs4ZLBtS7KRotQbunVNfP,13221,TRUE,2024-11,2024-Q4
7834725-0,2024-12-23 15:44:30,7834725,0xdf7b8bcc12a0ca2e277b1562f7bfe9bf4a0affd7c9ac8f93bae9895351761b3b,DOT,14xmwinmCEz6oRrFdczHKqHgWNMiCysE2KrA4jXXAAM1Eogk,129Uxho5oKBz6js8dwjoQLzLjYsEs4ZLBtS7KRotQbunVNfP,13221,TRUE,2024-12,2024-Q4
8011391-0,2025-01-17 09:00:24,8011391,0x90e6dbfb5b2533c2b0050833d28eeb433b07b126e5a9e8c4de8a18cffac4e33b,DOT,14xmwinmCEz6oRrFdczHKqHgWNMiCysE2KrA4jXXAAM1Eogk,129Uxho5oKBz6js8dwjoQLzLjYsEs4ZLBtS7KRotQbunVNfP,13221,TRUE,2025-01,2025-Q1
8255466-0,2025-02-20 13:55:54,8255466,0x7b68272f67e80895ead6bcb70665e01af68b8cc84f7472c38bd7aa82ddf477f6,DOT,14xmwinmCEz6oRrFdczHKqHgWNMiCysE2KrA4jXXAAM1Eogk,129Uxho5oKBz6js8dwjoQLzLjYsEs4ZLBtS7KRotQbunVNfP,13221,TRUE,2025-02,2025-Q1
8418081-0,2025-03-15 08:21:00,8418081,0x81a798fc2c7645a938b37a21d607b3e03036d2b9652e80145b559fdfb810467f,DOT,14xmwinmCEz6oRrFdczHKqHgWNMiCysE2KrA4jXXAAM1Eogk,13w5qyCGFJaf3mdcWfCK2RV6UhGafwD23j71DBa8Yk3K1k4r,198750,TRUE,2025-03,2025-Q1
8433071-0,2025-03-17 10:50:48,8433071,0x2f555bd965892443d681e5da81e60d1d3b1d6142e6a1a9f5fed5fa15a033cda7,DOT,14xmwinmCEz6oRrFdczHKqHgWNMiCysE2KrA4jXXAAM1Eogk,1ioDyqyquk949WZLePvHF3NndBqCmFW7jAigpzybifJ4YZ9,530,TRUE,2025-03,2025-Q1
8439704-0,2025-03-18 09:13:12,8439704,0x7475df59284722c5878f278326decd076b08d3a33ae613a54f5412d7b676be56,DOT,14xmwinmCEz6oRrFdczHKqHgWNMiCysE2KrA4jXXAAM1Eogk,129Uxho5oKBz6js8dwjoQLzLjYsEs4ZLBtS7KRotQbunVNfP,13221,TRUE,2025-03,2025-Q1
8463126-0,2025-03-21 16:17:42,8463126,0x93e2369363100875ee94e487e75c4e89f9d0e814f79556579df727c3e94d00a9,DOT,14xmwinmCEz6oRrFdczHKqHgWNMiCysE2KrA4jXXAAM1Eogk,1ioDyqyquk949WZLePvHF3NndBqCmFW7jAigpzybifJ4YZ9,520,TRUE,2025-03,2025-Q1
8652208-0,2025-04-17 06:55:36,8652208,0xbcb1515dfe404a3a0bc5c09601d53a922d0b25b7b988f15c7f7df2916fdb4369,DOT,14xmwinmCEz6oRrFdczHKqHgWNMiCysE2KrA4jXXAAM1Eogk,129Uxho5oKBz6js8dwjoQLzLjYsEs4ZLBtS7KRotQbunVNfP,13221,TRUE,2025-04,2025-Q2
8881892-0,2025-05-20 01:30:48,8881892,0xbc0acb0a2d685c968cd7a007271b4c60ffd32afa963c46dfaf1526e4754efc1a,DOT,14xmwinmCEz6oRrFdczHKqHgWNMiCysE2KrA4jXXAAM1Eogk,129Uxho5oKBz6js8dwjoQLzLjYsEs4ZLBtS7KRotQbunVNfP,13221,TRUE,2025-05,2025-Q2
9040242-0,2025-06-11 11:05:36,9040242,0x7aed0df2309dc15d9ce93c443b5fc61c44e26a8fd97f1409d6ae4b9a108dfe88,DOT,14xmwinmCEz6oRrFdczHKqHgWNMiCysE2KrA4jXXAAM1Eogk,13w5qyCGFJaf3mdcWfCK2RV6UhGafwD23j71DBa8Yk3K1k4r,198750,TRUE,2025-06,2025-Q2
9445665-0,2025-08-08 14:01:36,9445665,0x47debdb5f77f6f5aa3d52a40a721141b907fddfe60e66d4ddd9adf21de6e4f17,DOT,14xmwinmCEz6oRrFdczHKqHgWNMiCysE2KrA4jXXAAM1Eogk,15xjuCebCEYgd2otULLFqzXDNcfrErm9hyi3tMoXBvTFERtF,30000,TRUE,2025-08,2025-Q3
9673710-0,2025-09-12 12:07:18,9673710,0x12008f5b48038aba1d49210dddb11bb19e24b94e51c9aa8942837fa0b322e14f,DOT,14xmwinmCEz6oRrFdczHKqHgWNMiCysE2KrA4jXXAAM1Eogk,13w5qyCGFJaf3mdcWfCK2RV6UhGafwD23j71DBa8Yk3K1k4r,198750,TRUE,2025-09,2025-Q3
9139886-0,2025-06-25 12:03:36,9139886,0xafa1c7aa535605df6901416fb956fc2a19e9d18e44c1e10139cdb470d258e465,USDT,14xmwinmCEz6oRrFdczHKqHgWNMiCysE2KrA4jXXAAM1Eogk,1LboBQLsa1iTpGzZvXcSd5VF7jfUYf6MzPNoRy2HT9D9FNk,916.46,TRUE,2025-06,2025-Q2
1,1,1,1,USDC,1,14xmwinmCEz6oRrFdczHKqHgWNMiCysE2KrA4jXXAAM1Eogk,0,TRUE,2025-06,2025-Q2
2,2,2,2,USDC,2,14xmwinmCEz6oRrFdczHKqHgWNMiCysE2KrA4jXXAAM1Eogk,0,TRUE,2024-12,2024-Q4
3,3,3,3,USDC,3,14xmwinmCEz6oRrFdczHKqHgWNMiCysE2KrA4jXXAAM1Eogk,0,TRUE,2025-02,2025-Q1